source,title,url,date,score,comments,pain_keywords,relevance_keywords,is_product_opportunity,pain_summary,current_workaround,target_user,product_idea,pay_signal,competition,opportunity_score,reason
HackerNews,Ask HN: What are good books on SW architecture that don't sell microservices?,https://news.ycombinator.com/item?id=38232930,2023-11-11,55,25,"wish there was, i wish there was","service, ai",True,"There have been multiple discussions of how the microservices movement did more harm than good, how a modular monolith can be a much better option.<p>I wish there was a comprehensi",,"Builders, operators, or teams facing this workflow",Build a focused automation or workflow tool around the repeated pain signal.,medium,medium,10,"Heuristic score based on pain keywords, relevance keywords, post score, and comment activity."
GitHub/abhishekdubey331/app-ideas-30-days-extension,Seed audit — 2026-09,https://github.com/abhishekdubey331/app-ideas-30-days-extension/issues/14,2026-09-01,0,0,"wish there was, why is there no, frustrated with, i wish there was, would pay for","tool, app, software, api, product, script, ai",True,Auto-generated monthly seed audit.,,"Builders, operators, or teams facing this workflow",Build a focused automation or workflow tool around the repeated pain signal.,high,medium,10,"Heuristic score based on pain keywords, relevance keywords, post score, and comment activity."
HackerNews,Ask HN: Best office chair for home office work?,https://news.ycombinator.com/item?id=20371095,2019-07-06,163,137,wish there was,"service, ai",True,I&#x27;m looking for an office chair that I can spend 6-10 hours a day in.,,"Builders, operators, or teams facing this workflow",Build a focused automation or workflow tool around the repeated pain signal.,medium,medium,9,"Heuristic score based on pain keywords, relevance keywords, post score, and comment activity."
HackerNews,Ask HN: Why is there no good open-source LMS?,https://news.ycombinator.com/item?id=29275470,2021-11-19,157,159,why is there no,"software, platform, ai",True,I want to start a teaching business.,,"Builders, operators, or teams facing this workflow",Build a focused automation or workflow tool around the repeated pain signal.,medium,medium,9,"Heuristic score based on pain keywords, relevance keywords, post score, and comment activity."
HackerNews,Ask HN: Why is there no high quality method for voice control of a PC?,https://news.ycombinator.com/item?id=30117383,2022-01-28,90,119,why is there no,"software, bot, ai",True,"Like many people who have spent decades behind a keyboard, RSI (Repetitive Stress Injury) prevents me from writing code and doing graphic design through the usual keyboard and mous",,"Builders, operators, or teams facing this workflow",Build a focused automation or workflow tool around the repeated pain signal.,medium,medium,9,"Heuristic score based on pain keywords, relevance keywords, post score, and comment activity."
HackerNews,Ask HN: Why is there no modern successor to the 3D Pinball games of yesteryear?,https://news.ycombinator.com/item?id=37918308,2023-10-17,88,87,why is there no,"app, integration, ai",True,I recall games like Full Tilt!,,"Builders, operators, or teams facing this workflow",Build a focused automation or workflow tool around the repeated pain signal.,medium,medium,9,"Heuristic score based on pain keywords, relevance keywords, post score, and comment activity."
HackerNews,Ask HN: Why is there no way to lower amber alert volume on headphones?,https://news.ycombinator.com/item?id=33531711,2022-11-09,76,143,why is there no,"app, ai",True,I want to contribute to community efforts at finding missing kids and be ready for local disaster situations.,,"Builders, operators, or teams facing this workflow",Build a focused automation or workflow tool around the repeated pain signal.,medium,medium,9,"Heuristic score based on pain keywords, relevance keywords, post score, and comment activity."
HackerNews,Ask HN: Why is there no Django/Rails equivalent in JavaScript world?,https://news.ycombinator.com/item?id=28861970,2021-10-14,52,82,why is there no,"tool, bot, script, ai",True,"To be more specific, some exists, for example Sails (MVC architecture), Nest (gathering best tools and providing an architecture to use them together), or Blitz (Full stack React).",,"Builders, operators, or teams facing this workflow",Build a focused automation or workflow tool around the repeated pain signal.,medium,medium,9,"Heuristic score based on pain keywords, relevance keywords, post score, and comment activity."
HackerNews,Ask HN: Is there something like HN for successful entrepreneurs?,https://news.ycombinator.com/item?id=2934103,2011-08-28,51,50,wish there was,"startup, ai",True,I still love to read HN every day.,,"Builders, operators, or teams facing this workflow",Build a focused automation or workflow tool around the repeated pain signal.,medium,medium,9,"Heuristic score based on pain keywords, relevance keywords, post score, and comment activity."
GitHub/JurajNyiri/HomeAssistant-Tapo-Control,Media Sync is not very reliable,https://github.com/JurajNyiri/HomeAssistant-Tapo-Control/issues/1068,2026-09-11,29,26,"wish there was, i wish there was","tool, app, product, service, bot, script, integration, ai",True,### Description This is about Homeassistant 2025.8.3 and TapoControl integration 7.0.0 and it has been bothering me for a couple of months already.,,"Builders, operators, or teams facing this workflow",Build a focused automation or workflow tool around the repeated pain signal.,medium,medium,9,"Heuristic score based on pain keywords, relevance keywords, post score, and comment activity."
HackerNews,Ask HN: Space in the market for luxury public transit?,https://news.ycombinator.com/item?id=1185224,2010-03-11,18,48,"wish there was, i wish there was","service, ai",True,"To begin, I hate cars.",,"Builders, operators, or teams facing this workflow",Build a focused automation or workflow tool around the repeated pain signal.,medium,medium,9,"Heuristic score based on pain keywords, relevance keywords, post score, and comment activity."
GitHub/AvdLee/RocketSimApp,"Programmatic automation support (network speed, push notifications, deep links)",https://github.com/AvdLee/RocketSimApp/issues/946,2026-08-26,2,1,"wish there was, i wish there was","tool, app, automat, workflow, script, integration, ai",True,**Is your feature request related to a problem?,manual workflow,"Builders, operators, or teams facing this workflow",Build a focused automation or workflow tool around the repeated pain signal.,high,medium,9,"Heuristic score based on pain keywords, relevance keywords, post score, and comment activity."
GitHub/musaay/idealode,[Faz 0] Postgres şeması + migration'lar + seed kaynaklar,https://github.com/musaay/idealode/issues/2,2026-08-13,0,0,"wish there was, why is there no, i wish there was","tool, app, software, platform, ai",True,Şema BAŞTAN NİHAİ hâliyle kurulur (users/roles dahil) — Faz 0 bir kısmını boş bırakır.,,"Builders, operators, or teams facing this workflow",Build a focused automation or workflow tool around the repeated pain signal.,medium,medium,9,"Heuristic score based on pain keywords, relevance keywords, post score, and comment activity."
AnySearch/Reddit/r/SaaS,What software do you wish existed that you'd happily pay for?,https://www.reddit.com/r/SaaS/comments/1rrj0vj/what_software_do_you_wish_existed_that_youd/,,0,0,"wish there was, i wish there was","tool, saas, app, software, ai",True,What SaaS tool do you desperately wish existed right now?,,"Builders, operators, or teams facing this workflow",Build a focused automation or workflow tool around the repeated pain signal.,high,medium,9,"Heuristic score based on pain keywords, relevance keywords, post score, and comment activity."
HackerNews,Ask HN: Why is there no performant remote desktop for Mac/Linux?,https://news.ycombinator.com/item?id=32526108,2022-08-19,198,214,why is there no,ai,True,"IIUC, RDP (Microsoft&#x27;s remote desktop protocol) sends draw commands across.",,"Builders, operators, or teams facing this workflow",Build a focused automation or workflow tool around the repeated pain signal.,medium,medium,8,"Heuristic score based on pain keywords, relevance keywords, post score, and comment activity."
HackerNews,Ask HN: Why is there no small Android phone?,https://news.ycombinator.com/item?id=30405011,2022-02-20,191,220,why is there no,app,True,"When I search for phones with 3GB+ RAM and &lt;=140mm height, there&#x27;s only iPhone SE, iPhone 12 mini, and iPhone 13 mini.<p>The fact that Apple released 3 phones in 3 years wi",,"Builders, operators, or teams facing this workflow",Build a focused automation or workflow tool around the repeated pain signal.,medium,medium,8,"Heuristic score based on pain keywords, relevance keywords, post score, and comment activity."
HackerNews,Ask HN: Why is there no activity indicator when an iPhone's camera is on?,https://news.ycombinator.com/item?id=19239317,2019-02-24,118,60,why is there no,app,True,I never understood this.,,"Builders, operators, or teams facing this workflow",Build a focused automation or workflow tool around the repeated pain signal.,medium,medium,8,"Heuristic score based on pain keywords, relevance keywords, post score, and comment activity."
HackerNews,Ask HN: Why is there not more concern about the physical security of Cloudflare?,https://news.ycombinator.com/item?id=41871499,2024-10-17,90,54,why is there no,ai,True,"Using Hetzner and Azure, we trust that our unencrypted in-memory data and business logic are housed in professional data centers with strong physical security measures.",,"Builders, operators, or teams facing this workflow",Build a focused automation or workflow tool around the repeated pain signal.,medium,medium,8,"Heuristic score based on pain keywords, relevance keywords, post score, and comment activity."
HackerNews,Ask HN: Why is there no enterprise grade open-source zoom alternative?,https://news.ycombinator.com/item?id=31504008,2022-05-25,41,34,why is there no,"app, service, ai",True,We have a client who are looking to replace zoom in their org.,,"Builders, operators, or teams facing this workflow",Build a focused automation or workflow tool around the repeated pain signal.,medium,medium,8,"Heuristic score based on pain keywords, relevance keywords, post score, and comment activity."
HackerNews,Ask HN: Why is there no major push towards Android for Servers and Desktops?,https://news.ycombinator.com/item?id=36596324,2023-07-05,29,66,why is there no,"app, api, service, ai",True,Servers are dominated by Linux.,,"Builders, operators, or teams facing this workflow",Build a focused automation or workflow tool around the repeated pain signal.,medium,medium,8,"Heuristic score based on pain keywords, relevance keywords, post score, and comment activity."
HackerNews,Ask HN: What is your personal photo/video storage and archival plan?,https://news.ycombinator.com/item?id=21257276,2019-10-15,15,26,"wish there was, i wish there was",automat,True,"So, I’m a new dad.",manual workflow,"Builders, operators, or teams facing this workflow",Build a focused automation or workflow tool around the repeated pain signal.,medium,medium,8,"Heuristic score based on pain keywords, relevance keywords, post score, and comment activity."
HackerNews,Ask HN: Hacker News for Non-Software Engineers,https://news.ycombinator.com/item?id=33411164,2022-10-31,10,10,"wish there was, i wish there was","software, startup",True,"Hi HN!<p>While I love the culture and many of the articles, HN is not as relevant as I wish it was to my day-to-day job and interests.",,"Builders, operators, or teams facing this workflow",Build a focused automation or workflow tool around the repeated pain signal.,medium,medium,8,"Heuristic score based on pain keywords, relevance keywords, post score, and comment activity."
HackerNews,Ask HN: A specialized search engine to find domain name addresses,https://news.ycombinator.com/item?id=29006108,2021-10-26,9,3,"wish there was, i wish there was","app, ai",True,As with most things of I presume this already exists.<p>A majority of the start of my interaction with my browser is typing in something like &quot;Nietzsche Cafe&quot; because I w,,"Builders, operators, or teams facing this workflow",Build a focused automation or workflow tool around the repeated pain signal.,medium,medium,8,"Heuristic score based on pain keywords, relevance keywords, post score, and comment activity."
HackerNews,Ask HN Mods: Can we add some extra options to comments?,https://news.ycombinator.com/item?id=7583983,2014-04-14,8,6,"wish there was, i wish there was","app, plugin, ai",True,"In large threads where there are hundreds of comments, I find myself frustrated at times with the way comments are displayed.<p>1.",manual workflow,"Builders, operators, or teams facing this workflow",Build a focused automation or workflow tool around the repeated pain signal.,medium,medium,8,"Heuristic score based on pain keywords, relevance keywords, post score, and comment activity."
GitHub/ggml-org/llama.vscode,for me Edit of existing files is not successful with tools such as llama.vscode_edit_file and read,https://github.com/ggml-org/llama.vscode/issues/214,2026-08-19,7,7,"wish there was, i wish there was","tool, app, startup, ai",True,"I'm using **vscodium** `ver1.126.04524`, the llama-vscode extension is currently `version 0.57`, and I'm using my existing llama.cpp environment on Debian Trixie.",manual workflow,"Builders, operators, or teams facing this workflow",Build a focused automation or workflow tool around the repeated pain signal.,medium,medium,8,"Heuristic score based on pain keywords, relevance keywords, post score, and comment activity."
GitHub/CloudCompare/CloudCompare,Feature requests: command line statistics and extraction based on SF,https://github.com/CloudCompare/CloudCompare/issues/634,2026-08-17,6,5,"wish there was, i wish there was","tool, script",True,I love this tool for how easy it is to script a bunch of cool mesh editing via the command line I wish there was command line support for: - Fit statistical distribution to scalar ,,"Builders, operators, or teams facing this workflow",Build a focused automation or workflow tool around the repeated pain signal.,medium,medium,8,"Heuristic score based on pain keywords, relevance keywords, post score, and comment activity."
HackerNews,Ask HN: Programs on your laptop that saved you hundreds of hours?(2021),https://news.ycombinator.com/item?id=29691814,2021-12-26,5,0,"wish there was, i wish there was","tool, app, software, platform, script, ai",True,I will go first.,,"Builders, operators, or teams facing this workflow",Build a focused automation or workflow tool around the repeated pain signal.,medium,medium,8,"Heuristic score based on pain keywords, relevance keywords, post score, and comment activity."
GitHub/solvespace/solvespace,"Ability to independently show/hide: H/V constraints, dimensions, REF and comments",https://github.com/solvespace/solvespace/issues/1046,2026-08-23,5,3,"wish there was, i wish there was","tool, automat, bot, ai",True,"### System information - **SolveSpace version:** 3.0-rc2 - **Operating system:** Debian testing ### Expected behavior I really love SolveSpace, and it is my tool of choice for 2D a",manual workflow,"Builders, operators, or teams facing this workflow",Build a focused automation or workflow tool around the repeated pain signal.,medium,medium,8,"Heuristic score based on pain keywords, relevance keywords, post score, and comment activity."
HackerNews,Show HN: Ask questions about the Swiss train timetable,https://fragplan.ch/,2026-08-16,4,5,"wish there was, i wish there was","app, ai",True,"I use the SBB website and app every day to find my Swiss train journeys, but even with the touch tiles I find it cumbersome to use, especially for extra filters like avoiding bus o",,"Builders, operators, or teams facing this workflow",Build a focused automation or workflow tool around the repeated pain signal.,medium,medium,8,"Heuristic score based on pain keywords, relevance keywords, post score, and comment activity."
HackerNews,Ask HN: How do you balance between gaining knowledge and applying knowledge?,https://news.ycombinator.com/item?id=1843200,2010-10-28,3,4,"wish there was, i wish there was","app, ai",True,Earlier I used spend an hour or so every morning to go thru my Google Reader.<p>Then I joined Twitter.,,"Builders, operators, or teams facing this workflow",Build a focused automation or workflow tool around the repeated pain signal.,medium,medium,8,"Heuristic score based on pain keywords, relevance keywords, post score, and comment activity."
HackerNews,Ask HN: Side Project Turned Turned Obsession - Please Review My Site,https://news.ycombinator.com/item?id=1060320,2010-01-18,3,4,"wish there was, i wish there was","app, product, ai",True,"Hi all,<p>---------------------------<p>tl;dr Launching a new ecommerce site builder/print catalogue builder after 2 years of tinkering away.<p>http://www.wizifi.com<p>a HN demo st",,"Builders, operators, or teams facing this workflow",Build a focused automation or workflow tool around the repeated pain signal.,medium,medium,8,"Heuristic score based on pain keywords, relevance keywords, post score, and comment activity."
HackerNews,Ask HN: What are you guys using for background workers nowadays?,https://news.ycombinator.com/item?id=23491064,2020-06-11,3,3,"wish there was, i wish there was","tool, app, api, service, platform, integration, ai",True,"Back when I was working with Rails about 4-10 years ago, I used background workers (sidekiq, faktory, delayed job, resque) to offload processing that can happen outside of the requ",,"Builders, operators, or teams facing this workflow",Build a focused automation or workflow tool around the repeated pain signal.,medium,medium,8,"Heuristic score based on pain keywords, relevance keywords, post score, and comment activity."
GitHub/ubuntu-flutter-community/musicpod,RFC: Spec for the migration to MSIX,https://github.com/ubuntu-flutter-community/musicpod/issues/1407,2026-09-20,3,3,"wish there was, i wish there was","tool, app, automat, workflow, bot, script, ai",True,I'm using this issue to agree on a plan regarding the details behind the publication of the MusicPod MSIX.,,"Builders, operators, or teams facing this workflow",Build a focused automation or workflow tool around the repeated pain signal.,medium,medium,8,"Heuristic score based on pain keywords, relevance keywords, post score, and comment activity."
GitHub/fzyzcjy/flutter_rust_bridge,allow skipping auto install of required tools,https://github.com/fzyzcjy/flutter_rust_bridge/issues/3468,2026-09-20,1,1,"wish there was, i wish there was","tool, app, automat, platform, ai",True,**Is your feature request related to a problem?,,"Builders, operators, or teams facing this workflow",Build a focused automation or workflow tool around the repeated pain signal.,medium,medium,8,"Heuristic score based on pain keywords, relevance keywords, post score, and comment activity."
GitHub/jerry521jingjing-creator/queue-lite,feat: Add task progress events,https://github.com/jerry521jingjing-creator/queue-lite/issues/8,2026-08-16,0,0,"wish there was, i wish there was","tool, ai",True,"## User Feedback > ""I'm building a CLI tool that processes 1000 files in parallel.",,"Builders, operators, or teams facing this workflow",Build a focused automation or workflow tool around the repeated pain signal.,medium,medium,8,"Heuristic score based on pain keywords, relevance keywords, post score, and comment activity."
AnySearch/Reddit/r/SaaS,"I analyzed 9300+ ""I wish there was an app for this"" posts ...",https://www.reddit.com/r/SaaS/comments/1q5lfur/i_analyzed_9300_i_wish_there_was_an_app_for_this/,,0,0,"wish there was, i wish there was","saas, app",True,...,,"Builders, operators, or teams facing this workflow",Build a focused automation or workflow tool around the repeated pain signal.,medium,medium,8,"Heuristic score based on pain keywords, relevance keywords, post score, and comment activity."
AnySearch/Reddit/r/SaaS,"'I wish there was an AI tool that could…'"" : r/SaaS",https://www.reddit.com/r/SaaS/comments/1mhelrj/i_wish_there_was_an_ai_tool_that_could/,,0,0,"wish there was, i wish there was","tool, saas, ai",True,"""I wish there was an AI tool that could .........."" …what would you write?",,"Builders, operators, or teams facing this workflow",Build a focused automation or workflow tool around the repeated pain signal.,medium,medium,8,"Heuristic score based on pain keywords, relevance keywords, post score, and comment activity."
AnySearch/Reddit/r/smallbusiness,Is there a way to automate SaaS documentation?,https://www.reddit.com/r/smallbusiness/comments/1qp7541/is_there_a_way_to_automate_saas_documentation/,,0,0,"doing this manually, is there a way to automate","saas, automat, product",True,"Since it's very small team, doing this manually means less time to actually improve the product.",manual workflow,"Builders, operators, or teams facing this workflow",Build a focused automation or workflow tool around the repeated pain signal.,medium,medium,8,"Heuristic score based on pain keywords, relevance keywords, post score, and comment activity."
AnySearch/X/@euboid,I wish there was a tool that would let you keep your help ...,https://x.com/euboid/status/1951314805094048152,,0,0,"wish there was, i wish there was","tool, automat",True,I wish there was a tool that would let you keep your help center up to date automatically...,,"Builders, operators, or teams facing this workflow",Build a focused automation or workflow tool around the repeated pain signal.,medium,medium,8,"Heuristic score based on pain keywords, relevance keywords, post score, and comment activity."
AnySearch/Reddit/r/SaaS,WillPayForThis.com - See what products people will pay for,https://www.reddit.com/r/SaaS/comments/1isxdsy/willpayforthiscom_see_what_products_people_will/,,0,0,would pay for,"software, api, startup, product",True,"It connected to the Twitter API, and compiled a ton of business / startup / product / software ...",,"Builders, operators, or teams facing this workflow",Build a focused automation or workflow tool around the repeated pain signal.,high,medium,8,"Heuristic score based on pain keywords, relevance keywords, post score, and comment activity."
AnySearch/X/@android,[Wish or Idea] What do you want to build today ?,https://www.b4x.com/android/forum/threads/wish-or-idea-what-do-you-want-to-build-today.169798/,,0,0,would pay for,"software, plugin",True,"If Anywhere Software released it, I would pay for it in a heartbeat.",,"Builders, operators, or teams facing this workflow",Build a focused automation or workflow tool around the repeated pain signal.,high,medium,8,"Heuristic score based on pain keywords, relevance keywords, post score, and comment activity."
HackerNews,Ask HN: How are you treating your child's internet addiction?,https://news.ycombinator.com/item?id=14924520,2017-08-03,12,16,"wish there was, i wish there was",ai,True,My son is 5yrs old.<p>His mom and I made a terrible mistake when he was around 2 to allow him to watch YT &amp; YTkids videos (which have a vicious algo of horrible content [1]).,,"Builders, operators, or teams facing this workflow",Build a focused automation or workflow tool around the repeated pain signal.,medium,medium,7,"Heuristic score based on pain keywords, relevance keywords, post score, and comment activity."
GitHub/openhab/openhab-addons,[Tellstick] Addon not working with the latest builds,https://github.com/openhab/openhab-addons/issues/7024,2026-09-19,7,5,no good solution,"api, product, ai",True,"When installing version 2.5.x of ""release"" versions of OpenHAB, the Tellstick binding does not work.",,"Builders, operators, or teams facing this workflow",Build a focused automation or workflow tool around the repeated pain signal.,medium,medium,7,"Heuristic score based on pain keywords, relevance keywords, post score, and comment activity."
GitHub/vuejs/core,Allow disabling or clearing of compile cache in SSR render,https://github.com/vuejs/core/issues/7947,2026-09-18,5,3,no good solution,"app, api, ai",True,### What problem does this feature solve?,,"Builders, operators, or teams facing this workflow",Build a focused automation or workflow tool around the repeated pain signal.,medium,medium,7,"Heuristic score based on pain keywords, relevance keywords, post score, and comment activity."
GitHub/music-assistant/support,Errors in log concerning unique records,https://github.com/music-assistant/support/issues/5754,2026-08-09,4,4,wish there was,"tool, app, script, ai",True,### What server version of Music Assistant has the issue?,,"Builders, operators, or teams facing this workflow",Build a focused automation or workflow tool around the repeated pain signal.,medium,medium,7,"Heuristic score based on pain keywords, relevance keywords, post score, and comment activity."
GitHub/3DStreet/3dstreet,drawing shapes part 2,https://github.com/3DStreet/3dstreet/issues/1976,2026-09-21,3,3,wish there was,"tool, app, workflow, bot, ai",True,"User feedback: - ""[We] think it's a great feature!",,"Builders, operators, or teams facing this workflow",Build a focused automation or workflow tool around the repeated pain signal.,medium,medium,7,"Heuristic score based on pain keywords, relevance keywords, post score, and comment activity."
GitHub/openchamber/openchamber,[Feature Request] Use small model (or a jev-like) to get tool call duration estimates,https://github.com/openchamber/openchamber/issues/3715,2026-09-21,2,2,wish there was,"tool, app, ai",True,### Language - [x] This request is written in English ### What should we add/change?,,"Builders, operators, or teams facing this workflow",Build a focused automation or workflow tool around the repeated pain signal.,medium,medium,7,"Heuristic score based on pain keywords, relevance keywords, post score, and comment activity."
GitHub/soli-dstate/DOOM-Tools,[Bug] Add remove button for old crate files on loot screen,https://github.com/soli-dstate/DOOM-Tools/issues/36,2026-08-29,1,1,wish there was,"tool, app, automat, platform, script, ai",True,**Reported by:** Lev Trotsky **App version:** 2.0.13 **Platform:** Windows 11 ## Description you didn't add a button that removes old crate files from the loot screen ## Steps to R,,"Builders, operators, or teams facing this workflow",Build a focused automation or workflow tool around the repeated pain signal.,medium,medium,7,"Heuristic score based on pain keywords, relevance keywords, post score, and comment activity."
GitHub/Ssyoutube202500/flashdl,"The ""Free"" YouTube Downloader Struggle: Why Do They Always Stop Working?",https://github.com/Ssyoutube202500/flashdl/issues/1,2026-09-22,0,0,looking for a tool that,"tool, app, software, script, ai",True,I need to confess something.,,"Builders, operators, or teams facing this workflow",Build a focused automation or workflow tool around the repeated pain signal.,medium,medium,7,"Heuristic score based on pain keywords, relevance keywords, post score, and comment activity."
AnySearch/Reddit/r/programming,How I automate my life and why you should too,https://www.reddit.com/r/programming/comments/l2mmyp/how_i_automate_my_life_and_why_you_should_too/,,0,0,no good solution,"app, automat, api, product, service",True,Completely new apps & services where no good solution exists.,,"Builders, operators, or teams facing this workflow",Build a focused automation or workflow tool around the repeated pain signal.,medium,medium,7,"Heuristic score based on pain keywords, relevance keywords, post score, and comment activity."
